DSI,Relation,SS,Source
DSI001441,has_adverse_reaction,SS000000,MSKCC
DSI001441,has_adverse_reaction,SS000001,MSKCC
DSI001441,has_adverse_reaction,SS000002,MSKCC
DSI001441,has_adverse_reaction,SS000003,MSKCC
DSI001441,has_adverse_reaction,SS000004,MSKCC
DSI001441,has_adverse_reaction,SS000005,MSKCC
DSI001441,has_adverse_reaction,SS000006,MSKCC
DSI001441,has_adverse_reaction,SS000007,MSKCC
DSI001441,has_adverse_reaction,SS000008,MSKCC
DSI001441,has_adverse_reaction,SS000009,MSKCC
DSI001441,has_adverse_reaction,SS000010,MSKCC
DSI001441,has_adverse_reaction,SS000011,MSKCC
DSI001441,has_adverse_reaction,SS000012,MSKCC
DSI007805,has_adverse_reaction,SS000013,MSKCC
DSI007805,has_adverse_reaction,SS000014,MSKCC
DSI007807,has_adverse_reaction,SS000015,MSKCC
DSI004810,has_adverse_reaction,SS000009,MSKCC
DSI004810,has_adverse_reaction,SS000016,MSKCC
DSI001541,has_adverse_reaction,SS000017,MSKCC
DSI001541,has_adverse_reaction,SS000018,MSKCC
DSI001541,has_adverse_reaction,SS000019,MSKCC
DSI001541,has_adverse_reaction,SS000020,MSKCC
DSI001541,has_adverse_reaction,SS000021,MSKCC
DSI007808,has_adverse_reaction,SS000022,MSKCC
DSI000550,has_adverse_reaction,SS000023,MSKCC
DSI000550,has_adverse_reaction,SS000007,MSKCC
DSI000550,has_adverse_reaction,SS000008,MSKCC
DSI000550,has_adverse_reaction,SS000024,MSKCC
DSI000550,has_adverse_reaction,SS000025,MSKCC
DSI000550,has_adverse_reaction,SS000026,MSKCC
DSI000550,has_adverse_reaction,SS000027,MSKCC
DSI000550,has_adverse_reaction,SS000028,MSKCC
DSI000550,has_adverse_reaction,SS000029,MSKCC
DSI000550,has_adverse_reaction,SS000030,MSKCC
DSI004792,has_adverse_reaction,SS000008,MSKCC
DSI004792,has_adverse_reaction,SS000031,MSKCC
DSI004744,has_adverse_reaction,SS000007,MSKCC
DSI004744,has_adverse_reaction,SS000008,MSKCC
DSI004744,has_adverse_reaction,SS000010,MSKCC
DSI004744,has_adverse_reaction,SS000027,MSKCC
DSI004744,has_adverse_reaction,SS000032,MSKCC
DSI004744,has_adverse_reaction,SS000033,MSKCC
DSI004744,has_adverse_reaction,SS000034,MSKCC
DSI004744,has_adverse_reaction,SS000035,MSKCC
DSI004744,has_adverse_reaction,SS000022,MSKCC
DSI003084,has_adverse_reaction,SS000010,MSKCC
DSI003084,has_adverse_reaction,SS000036,MSKCC
DSI003084,has_adverse_reaction,SS000037,MSKCC
DSI003084,has_adverse_reaction,SS000038,MSKCC
DSI003084,has_adverse_reaction,SS000007,MSKCC
DSI003084,has_adverse_reaction,SS000008,MSKCC
DSI003084,has_adverse_reaction,SS000019,MSKCC
DSI003084,has_adverse_reaction,SS000039,MSKCC
DSI003084,has_adverse_reaction,SS000040,MSKCC
DSI007809,has_adverse_reaction,SS000029,MSKCC
DSI007809,has_adverse_reaction,SS000041,MSKCC
DSI007809,has_adverse_reaction,SS000042,MSKCC
DSI007809,has_adverse_reaction,SS000043,MSKCC
DSI007809,has_adverse_reaction,SS000037,MSKCC
DSI007809,has_adverse_reaction,SS000044,MSKCC
DSI000066,has_adverse_reaction,SS000045,MSKCC
DSI000066,has_adverse_reaction,SS000046,MSKCC
DSI000066,has_adverse_reaction,SS000007,MSKCC
DSI000066,has_adverse_reaction,SS000019,MSKCC
DSI002299,has_adverse_reaction,SS000047,MSKCC
DSI002299,has_adverse_reaction,SS000048,MSKCC
DSI002299,has_adverse_reaction,SS000049,MSKCC
DSI002299,has_adverse_reaction,SS000008,MSKCC
DSI002299,has_adverse_reaction,SS000050,MSKCC
DSI002299,has_adverse_reaction,SS000051,MSKCC
DSI004693,has_adverse_reaction,SS000041,MSKCC
DSI004693,has_adverse_reaction,SS000052,MSKCC
DSI004693,has_adverse_reaction,SS000018,MSKCC
DSI004693,has_adverse_reaction,SS000053,MSKCC
DSI004693,has_adverse_reaction,SS000054,MSKCC
DSI004693,has_adverse_reaction,SS000055,MSKCC
DSI004693,has_adverse_reaction,SS000056,MSKCC
DSI004693,has_adverse_reaction,SS000007,MSKCC
DSI004693,has_adverse_reaction,SS000057,MSKCC
DSI004693,has_adverse_reaction,SS000058,MSKCC
DSI004693,has_adverse_reaction,SS000059,MSKCC
DSI004693,has_adverse_reaction,SS000037,MSKCC
DSI004693,has_adverse_reaction,SS000060,MSKCC
DSI004693,has_adverse_reaction,SS000010,MSKCC
DSI004693,has_adverse_reaction,SS000061,MSKCC
DSI004693,has_adverse_reaction,SS000016,MSKCC
DSI004693,has_adverse_reaction,SS000062,MSKCC
DSI004693,has_adverse_reaction,SS000048,MSKCC
DSI004693,has_adverse_reaction,SS000036,MSKCC
DSI004693,has_adverse_reaction,SS000042,MSKCC
DSI004693,has_adverse_reaction,SS000019,MSKCC
DSI004693,has_adverse_reaction,SS000063,MSKCC
DSI003458,has_adverse_reaction,SS000036,MSKCC
DSI003458,has_adverse_reaction,SS000064,MSKCC
DSI003458,has_adverse_reaction,SS000010,MSKCC
DSI003458,has_adverse_reaction,SS000065,MSKCC
DSI007811,has_adverse_reaction,SS000066,MSKCC
DSI007812,has_adverse_reaction,SS000016,MSKCC
DSI007812,has_adverse_reaction,SS000067,MSKCC
DSI007812,has_adverse_reaction,SS000007,MSKCC
DSI007812,has_adverse_reaction,SS000068,MSKCC
DSI007812,has_adverse_reaction,SS000069,MSKCC
DSI007812,has_adverse_reaction,SS000070,MSKCC
DSI007812,has_adverse_reaction,SS000071,MSKCC
DSI007812,has_adverse_reaction,SS000035,MSKCC
DSI007812,has_adverse_reaction,SS000072,MSKCC
DSI001097,has_adverse_reaction,SS000073,MSKCC
DSI001097,has_adverse_reaction,SS000066,MSKCC
DSI001097,has_adverse_reaction,SS000019,MSKCC
DSI001097,has_adverse_reaction,SS000057,MSKCC
DSI001097,has_adverse_reaction,SS000004,MSKCC
DSI000172,has_adverse_reaction,SS000074,MSKCC
DSI000172,has_adverse_reaction,SS000008,MSKCC
DSI007813,has_adverse_reaction,SS000075,MSKCC
DSI000236,has_adverse_reaction,SS000076,MSKCC
DSI000236,has_adverse_reaction,SS000010,MSKCC
DSI000236,has_adverse_reaction,SS000042,MSKCC
DSI000236,has_adverse_reaction,SS000045,MSKCC
DSI000209,has_adverse_reaction,SS000037,MSKCC
DSI000209,has_adverse_reaction,SS000027,MSKCC
DSI000209,has_adverse_reaction,SS000010,MSKCC
DSI000209,has_adverse_reaction,SS000007,MSKCC
DSI000209,has_adverse_reaction,SS000008,MSKCC
DSI000209,has_adverse_reaction,SS000077,MSKCC
DSI000209,has_adverse_reaction,SS000078,MSKCC
DSI000209,has_adverse_reaction,SS000079,MSKCC
DSI000637,has_adverse_reaction,SS000080,MSKCC
DSI000637,has_adverse_reaction,SS000025,MSKCC
DSI005068,has_adverse_reaction,SS000029,MSKCC
DSI005068,has_adverse_reaction,SS000081,MSKCC
DSI002555,has_adverse_reaction,SS000010,MSKCC
DSI002555,has_adverse_reaction,SS000045,MSKCC
DSI002555,has_adverse_reaction,SS000007,MSKCC
DSI002555,has_adverse_reaction,SS000082,MSKCC
DSI002555,has_adverse_reaction,SS000018,MSKCC
DSI002555,has_adverse_reaction,SS000083,MSKCC
DSI002365,has_adverse_reaction,SS000074,MSKCC
DSI002365,has_adverse_reaction,SS000008,MSKCC
DSI007816,has_adverse_reaction,SS000084,MSKCC
DSI007816,has_adverse_reaction,SS000036,MSKCC
DSI007816,has_adverse_reaction,SS000024,MSKCC
DSI007816,has_adverse_reaction,SS000042,MSKCC
DSI007816,has_adverse_reaction,SS000027,MSKCC
DSI007816,has_adverse_reaction,SS000013,MSKCC
DSI000603,has_adverse_reaction,SS000085,MSKCC
DSI001628,has_adverse_reaction,SS000086,MSKCC
DSI001628,has_adverse_reaction,SS000007,MSKCC
DSI001628,has_adverse_reaction,SS000008,MSKCC
DSI007817,has_adverse_reaction,SS000022,MSKCC
DSI007817,has_adverse_reaction,SS000052,MSKCC
DSI007817,has_adverse_reaction,SS000021,MSKCC
DSI007817,has_adverse_reaction,SS000046,MSKCC
DSI007817,has_adverse_reaction,SS000057,MSKCC
DSI007817,has_adverse_reaction,SS000087,MSKCC
DSI007817,has_adverse_reaction,SS000088,MSKCC
DSI002469,has_adverse_reaction,SS000013,MSKCC
DSI002469,has_adverse_reaction,SS000049,MSKCC
DSI001458,has_adverse_reaction,SS000009,MSKCC
DSI001458,has_adverse_reaction,SS000089,MSKCC
DSI001458,has_adverse_reaction,SS000025,MSKCC
DSI001458,has_adverse_reaction,SS000004,MSKCC
DSI000071,has_adverse_reaction,SS000057,MSKCC
DSI000071,has_adverse_reaction,SS000090,MSKCC
DSI000071,has_adverse_reaction,SS000091,MSKCC
DSI000071,has_adverse_reaction,SS000007,MSKCC
DSI000071,has_adverse_reaction,SS000092,MSKCC
DSI000071,has_adverse_reaction,SS000093,MSKCC
DSI000071,has_adverse_reaction,SS000074,MSKCC
DSI000071,has_adverse_reaction,SS000094,MSKCC
DSI001977,has_adverse_reaction,SS000027,MSKCC
DSI001977,has_adverse_reaction,SS000007,MSKCC
DSI001977,has_adverse_reaction,SS000036,MSKCC
DSI001977,has_adverse_reaction,SS000041,MSKCC
DSI001977,has_adverse_reaction,SS000008,MSKCC
DSI001977,has_adverse_reaction,SS000095,MSKCC
DSI001977,has_adverse_reaction,SS000096,MSKCC
DSI001977,has_adverse_reaction,SS000035,MSKCC
DSI001977,has_adverse_reaction,SS000081,MSKCC
DSI001977,has_adverse_reaction,SS000097,MSKCC
DSI001977,has_adverse_reaction,SS000098,MSKCC
DSI001977,has_adverse_reaction,SS000099,MSKCC
DSI001977,has_adverse_reaction,SS000100,MSKCC
DSI001977,has_adverse_reaction,SS000101,MSKCC
DSI001977,has_adverse_reaction,SS000102,MSKCC
DSI000389,has_adverse_reaction,SS000061,MSKCC
DSI000389,has_adverse_reaction,SS000103,MSKCC
DSI000389,has_adverse_reaction,SS000055,MSKCC
DSI000389,has_adverse_reaction,SS000002,MSKCC
DSI000389,has_adverse_reaction,SS000016,MSKCC
DSI000389,has_adverse_reaction,SS000104,MSKCC
DSI000389,has_adverse_reaction,SS000105,MSKCC
DSI000389,has_adverse_reaction,SS000003,MSKCC
DSI000389,has_adverse_reaction,SS000106,MSKCC
DSI000389,has_adverse_reaction,SS000107,MSKCC
DSI000389,has_adverse_reaction,SS000108,MSKCC
DSI001859,has_adverse_reaction,SS000024,MSKCC
DSI001859,has_adverse_reaction,SS000109,MSKCC
DSI001859,has_adverse_reaction,SS000002,MSKCC
DSI001859,has_adverse_reaction,SS000010,MSKCC
DSI001859,has_adverse_reaction,SS000019,MSKCC
DSI001859,has_adverse_reaction,SS000110,MSKCC
DSI001859,has_adverse_reaction,SS000023,MSKCC
DSI002549,has_adverse_reaction,SS000111,MSKCC
DSI002549,has_adverse_reaction,SS000112,MSKCC
DSI002549,has_adverse_reaction,SS000019,MSKCC
DSI002549,has_adverse_reaction,SS000005,MSKCC
DSI002549,has_adverse_reaction,SS000113,MSKCC
DSI003163,has_adverse_reaction,SS000111,MSKCC
DSI003163,has_adverse_reaction,SS000008,MSKCC
DSI003163,has_adverse_reaction,SS000046,MSKCC
DSI003163,has_adverse_reaction,SS000027,MSKCC
DSI003163,has_adverse_reaction,SS000072,MSKCC
DSI000961,has_adverse_reaction,SS000076,MSKCC
DSI000961,has_adverse_reaction,SS000007,MSKCC
DSI000961,has_adverse_reaction,SS000019,MSKCC
DSI000961,has_adverse_reaction,SS000066,MSKCC
DSI000961,has_adverse_reaction,SS000114,MSKCC
DSI005450,has_adverse_reaction,SS000087,MSKCC
DSI005450,has_adverse_reaction,SS000115,MSKCC
DSI005450,has_adverse_reaction,SS000010,MSKCC
DSI007822,has_adverse_reaction,SS000066,MSKCC
DSI007822,has_adverse_reaction,SS000009,MSKCC
DSI007824,has_adverse_reaction,SS000116,MSKCC
DSI007824,has_adverse_reaction,SS000117,MSKCC
DSI007824,has_adverse_reaction,SS000118,MSKCC
DSI007824,has_adverse_reaction,SS000119,MSKCC
DSI007824,has_adverse_reaction,SS000029,MSKCC
DSI007824,has_adverse_reaction,SS000035,MSKCC
DSI004236,has_adverse_reaction,SS000120,MSKCC
DSI004236,has_adverse_reaction,SS000121,MSKCC
DSI004236,has_adverse_reaction,SS000079,MSKCC
DSI004236,has_adverse_reaction,SS000122,MSKCC
DSI004236,has_adverse_reaction,SS000049,MSKCC
DSI004236,has_adverse_reaction,SS000085,MSKCC
DSI004236,has_adverse_reaction,SS000008,MSKCC
DSI004236,has_adverse_reaction,SS000123,MSKCC
DSI004236,has_adverse_reaction,SS000017,MSKCC
DSI004236,has_adverse_reaction,SS000124,MSKCC
DSI005487,has_adverse_reaction,SS000036,MSKCC
DSI005487,has_adverse_reaction,SS000125,MSKCC
DSI002944,has_adverse_reaction,SS000007,MSKCC
DSI002944,has_adverse_reaction,SS000010,MSKCC
DSI002944,has_adverse_reaction,SS000016,MSKCC
DSI002944,has_adverse_reaction,SS000126,MSKCC
DSI005225,has_adverse_reaction,SS000016,MSKCC
DSI005225,has_adverse_reaction,SS000122,MSKCC
DSI005225,has_adverse_reaction,SS000123,MSKCC
DSI005225,has_adverse_reaction,SS000027,MSKCC
DSI005225,has_adverse_reaction,SS000025,MSKCC
DSI003014,has_adverse_reaction,SS000057,MSKCC
DSI003014,has_adverse_reaction,SS000090,MSKCC
DSI000061,has_adverse_reaction,SS000005,MSKCC
DSI000061,has_adverse_reaction,SS000015,MSKCC
DSI000061,has_adverse_reaction,SS000025,MSKCC
DSI000061,has_adverse_reaction,SS000042,MSKCC
DSI000061,has_adverse_reaction,SS000023,MSKCC
DSI002597,has_adverse_reaction,SS000085,MSKCC
DSI000553,has_adverse_reaction,SS000007,MSKCC
DSI000553,has_adverse_reaction,SS000019,MSKCC
DSI000553,has_adverse_reaction,SS000127,MSKCC
DSI000257,has_adverse_reaction,SS000083,MSKCC
DSI000257,has_adverse_reaction,SS000128,MSKCC
DSI000257,has_adverse_reaction,SS000129,MSKCC
DSI005282,has_adverse_reaction,SS000069,MSKCC
DSI005282,has_adverse_reaction,SS000036,MSKCC
DSI005282,has_adverse_reaction,SS000079,MSKCC
DSI005282,has_adverse_reaction,SS000130,MSKCC
DSI005282,has_adverse_reaction,SS000010,MSKCC
DSI005305,has_adverse_reaction,SS000131,MSKCC
DSI000501,has_adverse_reaction,SS000132,MSKCC
DSI000501,has_adverse_reaction,SS000133,MSKCC
DSI002589,has_adverse_reaction,SS000007,MSKCC
DSI002589,has_adverse_reaction,SS000008,MSKCC
DSI002589,has_adverse_reaction,SS000019,MSKCC
DSI002589,has_adverse_reaction,SS000134,MSKCC
DSI002589,has_adverse_reaction,SS000135,MSKCC
DSI002589,has_adverse_reaction,SS000035,MSKCC
DSI007827,has_adverse_reaction,SS000007,MSKCC
DSI007827,has_adverse_reaction,SS000008,MSKCC
DSI007827,has_adverse_reaction,SS000019,MSKCC
DSI003184,has_adverse_reaction,SS000109,MSKCC
DSI003184,has_adverse_reaction,SS000024,MSKCC
DSI003184,has_adverse_reaction,SS000019,MSKCC
DSI003184,has_adverse_reaction,SS000023,MSKCC
DSI003184,has_adverse_reaction,SS000136,MSKCC
DSI003184,has_adverse_reaction,SS000137,MSKCC
DSI005633,has_adverse_reaction,SS000000,MSKCC
DSI005720,has_adverse_reaction,SS000024,MSKCC
DSI005720,has_adverse_reaction,SS000138,MSKCC
DSI007828,has_adverse_reaction,SS000002,MSKCC
DSI007828,has_adverse_reaction,SS000041,MSKCC
DSI007828,has_adverse_reaction,SS000019,MSKCC
DSI007828,has_adverse_reaction,SS000007,MSKCC
DSI007828,has_adverse_reaction,SS000008,MSKCC
DSI007828,has_adverse_reaction,SS000139,MSKCC
DSI007828,has_adverse_reaction,SS000140,MSKCC
DSI007828,has_adverse_reaction,SS000015,MSKCC
DSI007828,has_adverse_reaction,SS000033,MSKCC
DSI007828,has_adverse_reaction,SS000036,MSKCC
DSI007828,has_adverse_reaction,SS000010,MSKCC
DSI007828,has_adverse_reaction,SS000027,MSKCC
DSI007828,has_adverse_reaction,SS000141,MSKCC
DSI007828,has_adverse_reaction,SS000095,MSKCC
DSI007828,has_adverse_reaction,SS000048,MSKCC
DSI007828,has_adverse_reaction,SS000142,MSKCC
DSI007828,has_adverse_reaction,SS000016,MSKCC
DSI007828,has_adverse_reaction,SS000143,MSKCC
DSI007828,has_adverse_reaction,SS000144,MSKCC
DSI001283,has_adverse_reaction,SS000050,MSKCC
DSI001283,has_adverse_reaction,SS000037,MSKCC
DSI001283,has_adverse_reaction,SS000006,MSKCC
DSI001283,has_adverse_reaction,SS000145,MSKCC
DSI005713,has_adverse_reaction,SS000146,MSKCC
DSI005713,has_adverse_reaction,SS000147,MSKCC
DSI005713,has_adverse_reaction,SS000016,MSKCC
DSI005713,has_adverse_reaction,SS000148,MSKCC
DSI005713,has_adverse_reaction,SS000149,MSKCC
DSI005713,has_adverse_reaction,SS000150,MSKCC
DSI005713,has_adverse_reaction,SS000033,MSKCC
DSI005713,has_adverse_reaction,SS000151,MSKCC
DSI005713,has_adverse_reaction,SS000027,MSKCC
DSI005678,has_adverse_reaction,SS000152,MSKCC
DSI005678,has_adverse_reaction,SS000019,MSKCC
DSI000793,has_adverse_reaction,SS000010,MSKCC
DSI000793,has_adverse_reaction,SS000027,MSKCC
DSI000793,has_adverse_reaction,SS000007,MSKCC
DSI000793,has_adverse_reaction,SS000057,MSKCC
DSI000793,has_adverse_reaction,SS000004,MSKCC
DSI000793,has_adverse_reaction,SS000079,MSKCC
DSI000793,has_adverse_reaction,SS000153,MSKCC
DSI000793,has_adverse_reaction,SS000154,MSKCC
DSI000793,has_adverse_reaction,SS000155,MSKCC
DSI000793,has_adverse_reaction,SS000156,MSKCC
DSI000793,has_adverse_reaction,SS000157,MSKCC
DSI001310,has_adverse_reaction,SS000085,MSKCC
DSI001310,has_adverse_reaction,SS000047,MSKCC
DSI001310,has_adverse_reaction,SS000007,MSKCC
DSI001310,has_adverse_reaction,SS000008,MSKCC
DSI001310,has_adverse_reaction,SS000158,MSKCC
DSI001310,has_adverse_reaction,SS000027,MSKCC
DSI001310,has_adverse_reaction,SS000159,MSKCC
DSI005737,has_adverse_reaction,SS000012,MSKCC
DSI005737,has_adverse_reaction,SS000160,MSKCC
DSI005737,has_adverse_reaction,SS000029,MSKCC
DSI005737,has_adverse_reaction,SS000011,MSKCC
DSI005737,has_adverse_reaction,SS000081,MSKCC
DSI005737,has_adverse_reaction,SS000035,MSKCC
DSI005737,has_adverse_reaction,SS000161,MSKCC
DSI005737,has_adverse_reaction,SS000050,MSKCC
DSI005737,has_adverse_reaction,SS000010,MSKCC
DSI005737,has_adverse_reaction,SS000007,MSKCC
DSI005737,has_adverse_reaction,SS000008,MSKCC
DSI005737,has_adverse_reaction,SS000162,MSKCC
DSI005770,has_adverse_reaction,SS000163,MSKCC
DSI005770,has_adverse_reaction,SS000164,MSKCC
DSI005770,has_adverse_reaction,SS000165,MSKCC
DSI005770,has_adverse_reaction,SS000002,MSKCC
DSI005770,has_adverse_reaction,SS000061,MSKCC
DSI005770,has_adverse_reaction,SS000166,MSKCC
DSI005770,has_adverse_reaction,SS000167,MSKCC
DSI005770,has_adverse_reaction,SS000123,MSKCC
DSI005770,has_adverse_reaction,SS000168,MSKCC
DSI007829,has_adverse_reaction,SS000073,MSKCC
DSI007829,has_adverse_reaction,SS000007,MSKCC
DSI007829,has_adverse_reaction,SS000169,MSKCC
DSI007829,has_adverse_reaction,SS000036,MSKCC
DSI007829,has_adverse_reaction,SS000170,MSKCC
DSI007829,has_adverse_reaction,SS000171,MSKCC
DSI007829,has_adverse_reaction,SS000038,MSKCC
DSI007829,has_adverse_reaction,SS000172,MSKCC
DSI007829,has_adverse_reaction,SS000173,MSKCC
DSI007829,has_adverse_reaction,SS000010,MSKCC
DSI002390,has_adverse_reaction,SS000045,MSKCC
DSI002390,has_adverse_reaction,SS000024,MSKCC
DSI002390,has_adverse_reaction,SS000007,MSKCC
DSI002390,has_adverse_reaction,SS000010,MSKCC
DSI002390,has_adverse_reaction,SS000174,MSKCC
DSI002390,has_adverse_reaction,SS000175,MSKCC
DSI002390,has_adverse_reaction,SS000176,MSKCC
DSI000068,has_adverse_reaction,SS000105,MSKCC
DSI000068,has_adverse_reaction,SS000177,MSKCC
DSI000068,has_adverse_reaction,SS000178,MSKCC
DSI000068,has_adverse_reaction,SS000118,MSKCC
DSI000068,has_adverse_reaction,SS000045,MSKCC
DSI000068,has_adverse_reaction,SS000007,MSKCC
DSI000068,has_adverse_reaction,SS000049,MSKCC
DSI000068,has_adverse_reaction,SS000179,MSKCC
DSI000068,has_adverse_reaction,SS000100,MSKCC
DSI000068,has_adverse_reaction,SS000079,MSKCC
DSI000068,has_adverse_reaction,SS000180,MSKCC
DSI000068,has_adverse_reaction,SS000181,MSKCC
DSI005929,has_adverse_reaction,SS000047,MSKCC
DSI005929,has_adverse_reaction,SS000182,MSKCC
DSI005929,has_adverse_reaction,SS000183,MSKCC
DSI005929,has_adverse_reaction,SS000100,MSKCC
DSI005929,has_adverse_reaction,SS000184,MSKCC
DSI005929,has_adverse_reaction,SS000185,MSKCC
DSI000569,has_adverse_reaction,SS000017,MSKCC
DSI000014,has_adverse_reaction,SS000057,MSKCC
DSI000014,has_adverse_reaction,SS000019,MSKCC
DSI000014,has_adverse_reaction,SS000007,MSKCC
DSI000014,has_adverse_reaction,SS000087,MSKCC
DSI000014,has_adverse_reaction,SS000158,MSKCC
DSI000014,has_adverse_reaction,SS000022,MSKCC
DSI000014,has_adverse_reaction,SS000186,MSKCC
DSI005944,has_adverse_reaction,SS000033,MSKCC
DSI005944,has_adverse_reaction,SS000048,MSKCC
DSI005944,has_adverse_reaction,SS000010,MSKCC
DSI005944,has_adverse_reaction,SS000069,MSKCC
DSI005944,has_adverse_reaction,SS000019,MSKCC
DSI002212,has_adverse_reaction,SS000009,MSKCC
DSI000215,has_adverse_reaction,SS000007,MSKCC
DSI000215,has_adverse_reaction,SS000010,MSKCC
DSI000215,has_adverse_reaction,SS000052,MSKCC
DSI000215,has_adverse_reaction,SS000016,MSKCC
DSI000215,has_adverse_reaction,SS000187,MSKCC
DSI000215,has_adverse_reaction,SS000063,MSKCC
DSI000215,has_adverse_reaction,SS000000,MSKCC
DSI000215,has_adverse_reaction,SS000188,MSKCC
DSI000215,has_adverse_reaction,SS000189,MSKCC
DSI000215,has_adverse_reaction,SS000048,MSKCC
DSI000215,has_adverse_reaction,SS000190,MSKCC
DSI000215,has_adverse_reaction,SS000081,MSKCC
DSI000215,has_adverse_reaction,SS000191,MSKCC
DSI000215,has_adverse_reaction,SS000161,MSKCC
DSI000045,has_adverse_reaction,SS000010,MSKCC
DSI000045,has_adverse_reaction,SS000036,MSKCC
DSI000045,has_adverse_reaction,SS000019,MSKCC
DSI000045,has_adverse_reaction,SS000163,MSKCC
DSI000045,has_adverse_reaction,SS000023,MSKCC
DSI000045,has_adverse_reaction,SS000192,MSKCC
DSI000045,has_adverse_reaction,SS000193,MSKCC
DSI000045,has_adverse_reaction,SS000054,MSKCC
DSI006097,has_adverse_reaction,SS000005,MSKCC
DSI006097,has_adverse_reaction,SS000036,MSKCC
DSI006097,has_adverse_reaction,SS000007,MSKCC
DSI006097,has_adverse_reaction,SS000008,MSKCC
DSI006097,has_adverse_reaction,SS000139,MSKCC
DSI006097,has_adverse_reaction,SS000194,MSKCC
DSI006097,has_adverse_reaction,SS000195,MSKCC
DSI006097,has_adverse_reaction,SS000196,MSKCC
DSI006097,has_adverse_reaction,SS000197,MSKCC
DSI006097,has_adverse_reaction,SS000198,MSKCC
DSI006097,has_adverse_reaction,SS000199,MSKCC
DSI007831,has_adverse_reaction,SS000173,MSKCC
DSI007831,has_adverse_reaction,SS000139,MSKCC
DSI007831,has_adverse_reaction,SS000163,MSKCC
DSI007831,has_adverse_reaction,SS000200,MSKCC
DSI007831,has_adverse_reaction,SS000027,MSKCC
DSI007831,has_adverse_reaction,SS000106,MSKCC
DSI007831,has_adverse_reaction,SS000201,MSKCC
DSI007831,has_adverse_reaction,SS000202,MSKCC
DSI007831,has_adverse_reaction,SS000203,MSKCC
DSI007831,has_adverse_reaction,SS000019,MSKCC
DSI007831,has_adverse_reaction,SS000008,MSKCC
DSI007831,has_adverse_reaction,SS000204,MSKCC
DSI007831,has_adverse_reaction,SS000112,MSKCC
DSI007831,has_adverse_reaction,SS000057,MSKCC
DSI007831,has_adverse_reaction,SS000035,MSKCC
DSI007831,has_adverse_reaction,SS000029,MSKCC
DSI007831,has_adverse_reaction,SS000022,MSKCC
DSI003104,has_adverse_reaction,SS000109,MSKCC
DSI003104,has_adverse_reaction,SS000036,MSKCC
DSI003104,has_adverse_reaction,SS000072,MSKCC
DSI003104,has_adverse_reaction,SS000205,MSKCC
DSI003104,has_adverse_reaction,SS000206,MSKCC
DSI003519,has_adverse_reaction,SS000064,MSKCC
DSI003519,has_adverse_reaction,SS000010,MSKCC
DSI003519,has_adverse_reaction,SS000036,MSKCC
DSI003519,has_adverse_reaction,SS000192,MSKCC
DSI003519,has_adverse_reaction,SS000029,MSKCC
DSI003519,has_adverse_reaction,SS000016,MSKCC
DSI003519,has_adverse_reaction,SS000207,MSKCC
DSI000074,has_adverse_reaction,SS000147,MSKCC
DSI000074,has_adverse_reaction,SS000048,MSKCC
DSI000074,has_adverse_reaction,SS000007,MSKCC
DSI000074,has_adverse_reaction,SS000008,MSKCC
DSI000074,has_adverse_reaction,SS000019,MSKCC
DSI000074,has_adverse_reaction,SS000011,MSKCC
DSI000074,has_adverse_reaction,SS000208,MSKCC
DSI000074,has_adverse_reaction,SS000000,MSKCC
DSI000074,has_adverse_reaction,SS000098,MSKCC
DSI000074,has_adverse_reaction,SS000209,MSKCC
DSI000074,has_adverse_reaction,SS000078,MSKCC
DSI000074,has_adverse_reaction,SS000180,MSKCC
DSI000074,has_adverse_reaction,SS000210,MSKCC
DSI000074,has_adverse_reaction,SS000211,MSKCC
DSI000007,has_adverse_reaction,SS000212,MSKCC
DSI000007,has_adverse_reaction,SS000213,MSKCC
DSI000007,has_adverse_reaction,SS000016,MSKCC
DSI000007,has_adverse_reaction,SS000123,MSKCC
DSI000007,has_adverse_reaction,SS000007,MSKCC
DSI000007,has_adverse_reaction,SS000045,MSKCC
DSI000007,has_adverse_reaction,SS000129,MSKCC
DSI000007,has_adverse_reaction,SS000041,MSKCC
DSI000007,has_adverse_reaction,SS000033,MSKCC
DSI000158,has_adverse_reaction,SS000214,MSKCC
DSI000158,has_adverse_reaction,SS000069,MSKCC
DSI000158,has_adverse_reaction,SS000010,MSKCC
DSI000158,has_adverse_reaction,SS000042,MSKCC
DSI000158,has_adverse_reaction,SS000045,MSKCC
DSI000158,has_adverse_reaction,SS000215,MSKCC
DSI006060,has_adverse_reaction,SS000216,MSKCC
DSI006060,has_adverse_reaction,SS000190,MSKCC
DSI004635,has_adverse_reaction,SS000010,MSKCC
DSI004635,has_adverse_reaction,SS000007,MSKCC
DSI004635,has_adverse_reaction,SS000045,MSKCC
DSI004635,has_adverse_reaction,SS000217,MSKCC
DSI004635,has_adverse_reaction,SS000060,MSKCC
DSI004635,has_adverse_reaction,SS000024,MSKCC
DSI004635,has_adverse_reaction,SS000011,MSKCC
DSI004635,has_adverse_reaction,SS000197,MSKCC
DSI004635,has_adverse_reaction,SS000218,MSKCC
DSI004635,has_adverse_reaction,SS000003,MSKCC
DSI000063,has_adverse_reaction,SS000008,MSKCC
DSI000063,has_adverse_reaction,SS000150,MSKCC
DSI000063,has_adverse_reaction,SS000048,MSKCC
DSI000063,has_adverse_reaction,SS000007,MSKCC
DSI000063,has_adverse_reaction,SS000219,MSKCC
DSI000063,has_adverse_reaction,SS000029,MSKCC
DSI006070,has_adverse_reaction,SS000010,MSKCC
DSI006070,has_adverse_reaction,SS000007,MSKCC
DSI006070,has_adverse_reaction,SS000082,MSKCC
DSI006070,has_adverse_reaction,SS000220,MSKCC
DSI006070,has_adverse_reaction,SS000018,MSKCC
DSI004616,has_adverse_reaction,SS000027,MSKCC
DSI004616,has_adverse_reaction,SS000007,MSKCC
DSI004616,has_adverse_reaction,SS000076,MSKCC
DSI004616,has_adverse_reaction,SS000033,MSKCC
DSI007834,has_adverse_reaction,SS000011,MSKCC
DSI007834,has_adverse_reaction,SS000030,MSKCC
DSI007834,has_adverse_reaction,SS000221,MSKCC
DSI007834,has_adverse_reaction,SS000029,MSKCC
DSI007834,has_adverse_reaction,SS000222,MSKCC
DSI007834,has_adverse_reaction,SS000223,MSKCC
DSI007834,has_adverse_reaction,SS000002,MSKCC
DSI007834,has_adverse_reaction,SS000224,MSKCC
DSI007834,has_adverse_reaction,SS000013,MSKCC
DSI007834,has_adverse_reaction,SS000003,MSKCC
DSI007834,has_adverse_reaction,SS000104,MSKCC
DSI007834,has_adverse_reaction,SS000225,MSKCC
DSI007834,has_adverse_reaction,SS000226,MSKCC
DSI007834,has_adverse_reaction,SS000042,MSKCC
DSI007834,has_adverse_reaction,SS000123,MSKCC
DSI007834,has_adverse_reaction,SS000227,MSKCC
DSI007834,has_adverse_reaction,SS000041,MSKCC
DSI007834,has_adverse_reaction,SS000057,MSKCC
DSI007834,has_adverse_reaction,SS000008,MSKCC
DSI007834,has_adverse_reaction,SS000150,MSKCC
DSI007834,has_adverse_reaction,SS000098,MSKCC
DSI007834,has_adverse_reaction,SS000035,MSKCC
DSI006232,has_adverse_reaction,SS000010,MSKCC
DSI006232,has_adverse_reaction,SS000027,MSKCC
DSI006232,has_adverse_reaction,SS000228,MSKCC
DSI006232,has_adverse_reaction,SS000229,MSKCC
DSI006232,has_adverse_reaction,SS000007,MSKCC
DSI006225,has_adverse_reaction,SS000074,MSKCC
DSI006225,has_adverse_reaction,SS000007,MSKCC
DSI006225,has_adverse_reaction,SS000163,MSKCC
DSI006225,has_adverse_reaction,SS000012,MSKCC
DSI006225,has_adverse_reaction,SS000138,MSKCC
DSI006225,has_adverse_reaction,SS000049,MSKCC
DSI007835,has_adverse_reaction,SS000079,MSKCC
DSI007835,has_adverse_reaction,SS000230,MSKCC
DSI007835,has_adverse_reaction,SS000231,MSKCC
DSI007835,has_adverse_reaction,SS000232,MSKCC
DSI007835,has_adverse_reaction,SS000045,MSKCC
DSI007835,has_adverse_reaction,SS000100,MSKCC
DSI007835,has_adverse_reaction,SS000233,MSKCC
DSI007835,has_adverse_reaction,SS000019,MSKCC
DSI007835,has_adverse_reaction,SS000007,MSKCC
DSI007835,has_adverse_reaction,SS000234,MSKCC
DSI007835,has_adverse_reaction,SS000008,MSKCC
DSI007835,has_adverse_reaction,SS000058,MSKCC
DSI007835,has_adverse_reaction,SS000235,MSKCC
DSI007835,has_adverse_reaction,SS000112,MSKCC
DSI007835,has_adverse_reaction,SS000236,MSKCC
DSI007835,has_adverse_reaction,SS000227,MSKCC
DSI007835,has_adverse_reaction,SS000169,MSKCC
DSI007835,has_adverse_reaction,SS000022,MSKCC
DSI007835,has_adverse_reaction,SS000237,MSKCC
DSI007835,has_adverse_reaction,SS000143,MSKCC
DSI007835,has_adverse_reaction,SS000001,MSKCC
DSI007835,has_adverse_reaction,SS000138,MSKCC
DSI000756,has_adverse_reaction,SS000007,MSKCC
DSI000756,has_adverse_reaction,SS000139,MSKCC
DSI000756,has_adverse_reaction,SS000027,MSKCC
DSI000756,has_adverse_reaction,SS000008,MSKCC
DSI000756,has_adverse_reaction,SS000057,MSKCC
DSI000756,has_adverse_reaction,SS000011,MSKCC
DSI000756,has_adverse_reaction,SS000238,MSKCC
DSI000756,has_adverse_reaction,SS000163,MSKCC
DSI000756,has_adverse_reaction,SS000239,MSKCC
DSI000756,has_adverse_reaction,SS000045,MSKCC
DSI000756,has_adverse_reaction,SS000041,MSKCC
DSI000756,has_adverse_reaction,SS000240,MSKCC
DSI000756,has_adverse_reaction,SS000019,MSKCC
DSI007837,has_adverse_reaction,SS000007,MSKCC
DSI007837,has_adverse_reaction,SS000016,MSKCC
DSI007837,has_adverse_reaction,SS000027,MSKCC
DSI007837,has_adverse_reaction,SS000151,MSKCC
DSI007837,has_adverse_reaction,SS000023,MSKCC
DSI007837,has_adverse_reaction,SS000011,MSKCC
DSI007837,has_adverse_reaction,SS000241,MSKCC
DSI007837,has_adverse_reaction,SS000242,MSKCC
DSI007838,has_adverse_reaction,SS000015,MSKCC
DSI007838,has_adverse_reaction,SS000045,MSKCC
DSI007838,has_adverse_reaction,SS000007,MSKCC
DSI007838,has_adverse_reaction,SS000010,MSKCC
DSI007838,has_adverse_reaction,SS000180,MSKCC
DSI007838,has_adverse_reaction,SS000025,MSKCC
DSI003257,has_adverse_reaction,SS000004,MSKCC
DSI001172,has_adverse_reaction,SS000023,MSKCC
DSI000660,has_adverse_reaction,SS000021,MSKCC
DSI000660,has_adverse_reaction,SS000010,MSKCC
DSI000660,has_adverse_reaction,SS000099,MSKCC
DSI003545,has_adverse_reaction,SS000180,MSKCC
DSI003545,has_adverse_reaction,SS000243,MSKCC
DSI003545,has_adverse_reaction,SS000045,MSKCC
DSI003545,has_adverse_reaction,SS000019,MSKCC
DSI003545,has_adverse_reaction,SS000002,MSKCC
DSI007839,has_adverse_reaction,SS000047,MSKCC
DSI007839,has_adverse_reaction,SS000004,MSKCC
DSI007839,has_adverse_reaction,SS000244,MSKCC
DSI006361,has_adverse_reaction,SS000010,MSKCC
DSI006361,has_adverse_reaction,SS000103,MSKCC
DSI006361,has_adverse_reaction,SS000141,MSKCC
DSI006361,has_adverse_reaction,SS000198,MSKCC
DSI006361,has_adverse_reaction,SS000245,MSKCC
DSI006361,has_adverse_reaction,SS000030,MSKCC
DSI004194,has_adverse_reaction,SS000001,MSKCC
DSI004194,has_adverse_reaction,SS000035,MSKCC
DSI004194,has_adverse_reaction,SS000125,MSKCC
DSI004194,has_adverse_reaction,SS000007,MSKCC
DSI004194,has_adverse_reaction,SS000008,MSKCC
DSI004194,has_adverse_reaction,SS000246,MSKCC
DSI004194,has_adverse_reaction,SS000247,MSKCC
DSI004194,has_adverse_reaction,SS000248,MSKCC
DSI004194,has_adverse_reaction,SS000249,MSKCC
DSI004194,has_adverse_reaction,SS000250,MSKCC
DSI006345,has_adverse_reaction,SS000007,MSKCC
DSI006345,has_adverse_reaction,SS000008,MSKCC
DSI006345,has_adverse_reaction,SS000251,MSKCC
DSI006345,has_adverse_reaction,SS000163,MSKCC
DSI006345,has_adverse_reaction,SS000252,MSKCC
DSI006345,has_adverse_reaction,SS000002,MSKCC
DSI006345,has_adverse_reaction,SS000056,MSKCC
DSI006345,has_adverse_reaction,SS000019,MSKCC
DSI006345,has_adverse_reaction,SS000100,MSKCC
DSI006345,has_adverse_reaction,SS000098,MSKCC
DSI006345,has_adverse_reaction,SS000253,MSKCC
DSI006345,has_adverse_reaction,SS000254,MSKCC
DSI006345,has_adverse_reaction,SS000099,MSKCC
DSI006345,has_adverse_reaction,SS000029,MSKCC
DSI006345,has_adverse_reaction,SS000255,MSKCC
DSI006345,has_adverse_reaction,SS000256,MSKCC
DSI003263,has_adverse_reaction,SS000139,MSKCC
DSI003263,has_adverse_reaction,SS000007,MSKCC
DSI003263,has_adverse_reaction,SS000008,MSKCC
DSI003263,has_adverse_reaction,SS000067,MSKCC
DSI003263,has_adverse_reaction,SS000042,MSKCC
DSI003263,has_adverse_reaction,SS000257,MSKCC
DSI003263,has_adverse_reaction,SS000258,MSKCC
DSI003389,has_adverse_reaction,SS000007,MSKCC
DSI003389,has_adverse_reaction,SS000082,MSKCC
DSI003389,has_adverse_reaction,SS000259,MSKCC
DSI006375,has_adverse_reaction,SS000260,MSKCC
DSI006375,has_adverse_reaction,SS000041,MSKCC
DSI006375,has_adverse_reaction,SS000261,MSKCC
DSI006375,has_adverse_reaction,SS000262,MSKCC
DSI006375,has_adverse_reaction,SS000263,MSKCC
DSI006405,has_adverse_reaction,SS000264,MSKCC
DSI006405,has_adverse_reaction,SS000265,MSKCC
DSI006405,has_adverse_reaction,SS000179,MSKCC
DSI006405,has_adverse_reaction,SS000266,MSKCC
DSI006405,has_adverse_reaction,SS000042,MSKCC
DSI006405,has_adverse_reaction,SS000251,MSKCC
DSI006405,has_adverse_reaction,SS000267,MSKCC
DSI006405,has_adverse_reaction,SS000197,MSKCC
DSI006405,has_adverse_reaction,SS000268,MSKCC
DSI006405,has_adverse_reaction,SS000004,MSKCC
DSI006405,has_adverse_reaction,SS000269,MSKCC
DSI006405,has_adverse_reaction,SS000270,MSKCC
DSI004181,has_adverse_reaction,SS000271,MSKCC
DSI004181,has_adverse_reaction,SS000227,MSKCC
DSI004181,has_adverse_reaction,SS000169,MSKCC
DSI004181,has_adverse_reaction,SS000022,MSKCC
DSI004181,has_adverse_reaction,SS000272,MSKCC
DSI004181,has_adverse_reaction,SS000273,MSKCC
DSI004181,has_adverse_reaction,SS000274,MSKCC
DSI004181,has_adverse_reaction,SS000275,MSKCC
DSI004181,has_adverse_reaction,SS000276,MSKCC
DSI007840,has_adverse_reaction,SS000204,MSKCC
DSI007840,has_adverse_reaction,SS000064,MSKCC
DSI007840,has_adverse_reaction,SS000277,MSKCC
DSI007840,has_adverse_reaction,SS000278,MSKCC
DSI007840,has_adverse_reaction,SS000014,MSKCC
DSI007840,has_adverse_reaction,SS000035,MSKCC
DSI007840,has_adverse_reaction,SS000112,MSKCC
DSI001336,has_adverse_reaction,SS000260,MSKCC
DSI001336,has_adverse_reaction,SS000007,MSKCC
DSI001336,has_adverse_reaction,SS000008,MSKCC
DSI001336,has_adverse_reaction,SS000279,MSKCC
DSI007841,has_adverse_reaction,SS000009,MSKCC
DSI007841,has_adverse_reaction,SS000007,MSKCC
DSI007841,has_adverse_reaction,SS000074,MSKCC
DSI007841,has_adverse_reaction,SS000253,MSKCC
DSI007841,has_adverse_reaction,SS000010,MSKCC
DSI007841,has_adverse_reaction,SS000280,MSKCC
DSI000268,has_adverse_reaction,SS000281,MSKCC
DSI007842,has_adverse_reaction,SS000045,MSKCC
DSI007842,has_adverse_reaction,SS000058,MSKCC
DSI007842,has_adverse_reaction,SS000046,MSKCC
DSI007842,has_adverse_reaction,SS000019,MSKCC
DSI007842,has_adverse_reaction,SS000021,MSKCC
DSI007842,has_adverse_reaction,SS000007,MSKCC
DSI007842,has_adverse_reaction,SS000008,MSKCC
DSI007842,has_adverse_reaction,SS000010,MSKCC
DSI007842,has_adverse_reaction,SS000027,MSKCC
DSI007842,has_adverse_reaction,SS000282,MSKCC
DSI007842,has_adverse_reaction,SS000114,MSKCC
DSI004652,has_adverse_reaction,SS000058,MSKCC
DSI004652,has_adverse_reaction,SS000011,MSKCC
DSI004652,has_adverse_reaction,SS000173,MSKCC
DSI004652,has_adverse_reaction,SS000008,MSKCC
DSI004652,has_adverse_reaction,SS000283,MSKCC
DSI000161,has_adverse_reaction,SS000069,MSKCC
DSI000161,has_adverse_reaction,SS000019,MSKCC
DSI000161,has_adverse_reaction,SS000007,MSKCC
DSI000161,has_adverse_reaction,SS000045,MSKCC
DSI000161,has_adverse_reaction,SS000284,MSKCC
DSI000161,has_adverse_reaction,SS000285,MSKCC
DSI000161,has_adverse_reaction,SS000057,MSKCC
DSI000161,has_adverse_reaction,SS000033,MSKCC
DSI000161,has_adverse_reaction,SS000233,MSKCC
DSI000161,has_adverse_reaction,SS000139,MSKCC
DSI000161,has_adverse_reaction,SS000271,MSKCC
DSI007843,has_adverse_reaction,SS000002,MSKCC
DSI007843,has_adverse_reaction,SS000007,MSKCC
DSI007843,has_adverse_reaction,SS000027,MSKCC
DSI007844,has_adverse_reaction,SS000154,MSKCC
DSI001312,has_adverse_reaction,SS000286,MSKCC
DSI001312,has_adverse_reaction,SS000287,MSKCC
DSI006641,has_adverse_reaction,SS000048,MSKCC
DSI006641,has_adverse_reaction,SS000066,MSKCC
DSI006641,has_adverse_reaction,SS000100,MSKCC
DSI006641,has_adverse_reaction,SS000098,MSKCC
DSI001908,has_adverse_reaction,SS000041,MSKCC
DSI001908,has_adverse_reaction,SS000141,MSKCC
DSI001908,has_adverse_reaction,SS000095,MSKCC
DSI001908,has_adverse_reaction,SS000048,MSKCC
DSI001908,has_adverse_reaction,SS000142,MSKCC
DSI001908,has_adverse_reaction,SS000016,MSKCC
DSI001908,has_adverse_reaction,SS000143,MSKCC
DSI001908,has_adverse_reaction,SS000010,MSKCC
DSI001908,has_adverse_reaction,SS000288,MSKCC
DSI001908,has_adverse_reaction,SS000289,MSKCC
DSI001908,has_adverse_reaction,SS000144,MSKCC
DSI001908,has_adverse_reaction,SS000153,MSKCC
DSI001908,has_adverse_reaction,SS000290,MSKCC
DSI001908,has_adverse_reaction,SS000291,MSKCC
DSI001908,has_adverse_reaction,SS000210,MSKCC
DSI007846,has_adverse_reaction,SS000173,MSKCC
DSI007846,has_adverse_reaction,SS000007,MSKCC
DSI007846,has_adverse_reaction,SS000008,MSKCC
DSI007846,has_adverse_reaction,SS000019,MSKCC
DSI007846,has_adverse_reaction,SS000200,MSKCC
DSI007846,has_adverse_reaction,SS000027,MSKCC
DSI007846,has_adverse_reaction,SS000203,MSKCC
DSI007846,has_adverse_reaction,SS000042,MSKCC
DSI007846,has_adverse_reaction,SS000169,MSKCC
DSI007846,has_adverse_reaction,SS000037,MSKCC
DSI007846,has_adverse_reaction,SS000204,MSKCC
DSI007846,has_adverse_reaction,SS000112,MSKCC
DSI007846,has_adverse_reaction,SS000057,MSKCC
DSI007846,has_adverse_reaction,SS000292,MSKCC
DSI007846,has_adverse_reaction,SS000293,MSKCC
DSI007846,has_adverse_reaction,SS000029,MSKCC
DSI007846,has_adverse_reaction,SS000022,MSKCC
DSI007846,has_adverse_reaction,SS000294,MSKCC
DSI007846,has_adverse_reaction,SS000295,MSKCC
DSI007846,has_adverse_reaction,SS000296,MSKCC
DSI007846,has_adverse_reaction,SS000297,MSKCC
DSI007846,has_adverse_reaction,SS000298,MSKCC
DSI007846,has_adverse_reaction,SS000299,MSKCC
DSI006563,has_adverse_reaction,SS000163,MSKCC
DSI006563,has_adverse_reaction,SS000007,MSKCC
DSI006563,has_adverse_reaction,SS000008,MSKCC
DSI006563,has_adverse_reaction,SS000019,MSKCC
DSI006563,has_adverse_reaction,SS000045,MSKCC
DSI006563,has_adverse_reaction,SS000200,MSKCC
DSI006563,has_adverse_reaction,SS000300,MSKCC
DSI006563,has_adverse_reaction,SS000079,MSKCC
DSI006563,has_adverse_reaction,SS000085,MSKCC
DSI006563,has_adverse_reaction,SS000016,MSKCC
DSI006563,has_adverse_reaction,SS000301,MSKCC
DSI006563,has_adverse_reaction,SS000003,MSKCC
DSI006563,has_adverse_reaction,SS000078,MSKCC
DSI006563,has_adverse_reaction,SS000100,MSKCC
DSI006563,has_adverse_reaction,SS000048,MSKCC
DSI006563,has_adverse_reaction,SS000052,MSKCC
DSI003894,has_adverse_reaction,SS000042,MSKCC
DSI003894,has_adverse_reaction,SS000173,MSKCC
DSI003894,has_adverse_reaction,SS000009,MSKCC
DSI003894,has_adverse_reaction,SS000007,MSKCC
DSI003894,has_adverse_reaction,SS000008,MSKCC
DSI003894,has_adverse_reaction,SS000010,MSKCC
DSI003894,has_adverse_reaction,SS000302,MSKCC
DSI003894,has_adverse_reaction,SS000033,MSKCC
DSI003894,has_adverse_reaction,SS000118,MSKCC
DSI003894,has_adverse_reaction,SS000303,MSKCC
DSI003894,has_adverse_reaction,SS000103,MSKCC
DSI003894,has_adverse_reaction,SS000239,MSKCC
DSI003894,has_adverse_reaction,SS000036,MSKCC
DSI003894,has_adverse_reaction,SS000002,MSKCC
DSI003894,has_adverse_reaction,SS000213,MSKCC
DSI000282,has_adverse_reaction,SS000042,MSKCC
DSI000282,has_adverse_reaction,SS000004,MSKCC
DSI000282,has_adverse_reaction,SS000106,MSKCC
DSI000282,has_adverse_reaction,SS000078,MSKCC
DSI000282,has_adverse_reaction,SS000304,MSKCC
DSI002722,has_adverse_reaction,SS000305,MSKCC
DSI002722,has_adverse_reaction,SS000306,MSKCC
DSI000192,has_adverse_reaction,SS000307,MSKCC
DSI000192,has_adverse_reaction,SS000019,MSKCC
DSI000192,has_adverse_reaction,SS000007,MSKCC
DSI000192,has_adverse_reaction,SS000008,MSKCC
DSI000192,has_adverse_reaction,SS000036,MSKCC
DSI000192,has_adverse_reaction,SS000037,MSKCC
DSI000192,has_adverse_reaction,SS000033,MSKCC
DSI000192,has_adverse_reaction,SS000160,MSKCC
DSI000192,has_adverse_reaction,SS000010,MSKCC
DSI006707,has_adverse_reaction,SS000123,MSKCC
DSI006707,has_adverse_reaction,SS000168,MSKCC
DSI006689,has_adverse_reaction,SS000008,MSKCC
DSI006689,has_adverse_reaction,SS000041,MSKCC
DSI006689,has_adverse_reaction,SS000019,MSKCC
DSI006689,has_adverse_reaction,SS000050,MSKCC
DSI006689,has_adverse_reaction,SS000308,MSKCC
DSI006689,has_adverse_reaction,SS000029,MSKCC
DSI006689,has_adverse_reaction,SS000182,MSKCC
DSI006689,has_adverse_reaction,SS000106,MSKCC
DSI000076,has_adverse_reaction,SS000309,MSKCC
DSI000076,has_adverse_reaction,SS000023,MSKCC
DSI000076,has_adverse_reaction,SS000002,MSKCC
DSI000016,has_adverse_reaction,SS000007,MSKCC
DSI000016,has_adverse_reaction,SS000008,MSKCC
DSI000016,has_adverse_reaction,SS000069,MSKCC
DSI000016,has_adverse_reaction,SS000010,MSKCC
DSI000016,has_adverse_reaction,SS000036,MSKCC
DSI000016,has_adverse_reaction,SS000027,MSKCC
DSI000284,has_adverse_reaction,SS000006,MSKCC
DSI000284,has_adverse_reaction,SS000145,MSKCC
DSI006721,has_adverse_reaction,SS000310,MSKCC
DSI006721,has_adverse_reaction,SS000311,MSKCC
DSI006721,has_adverse_reaction,SS000029,MSKCC
DSI007849,has_adverse_reaction,SS000008,MSKCC
DSI007849,has_adverse_reaction,SS000045,MSKCC
DSI007849,has_adverse_reaction,SS000032,MSKCC
DSI007849,has_adverse_reaction,SS000033,MSKCC
DSI007849,has_adverse_reaction,SS000144,MSKCC
DSI007849,has_adverse_reaction,SS000035,MSKCC
DSI007849,has_adverse_reaction,SS000007,MSKCC
DSI007849,has_adverse_reaction,SS000019,MSKCC
DSI007849,has_adverse_reaction,SS000056,MSKCC
DSI007849,has_adverse_reaction,SS000087,MSKCC
DSI007849,has_adverse_reaction,SS000046,MSKCC
DSI007849,has_adverse_reaction,SS000072,MSKCC
DSI003616,has_adverse_reaction,SS000085,MSKCC
DSI000049,has_adverse_reaction,SS000312,MSKCC
DSI000049,has_adverse_reaction,SS000018,MSKCC
DSI000049,has_adverse_reaction,SS000007,MSKCC
DSI000049,has_adverse_reaction,SS000019,MSKCC
DSI000049,has_adverse_reaction,SS000045,MSKCC
DSI000848,has_adverse_reaction,SS000307,MSKCC
DSI000848,has_adverse_reaction,SS000004,MSKCC
DSI003993,has_adverse_reaction,SS000260,MSKCC
DSI003993,has_adverse_reaction,SS000151,MSKCC
DSI003993,has_adverse_reaction,SS000198,MSKCC
DSI003993,has_adverse_reaction,SS000313,MSKCC
DSI003993,has_adverse_reaction,SS000179,MSKCC
DSI003993,has_adverse_reaction,SS000239,MSKCC
DSI003993,has_adverse_reaction,SS000314,MSKCC
DSI003993,has_adverse_reaction,SS000048,MSKCC
DSI003993,has_adverse_reaction,SS000007,MSKCC
DSI003993,has_adverse_reaction,SS000008,MSKCC
DSI003993,has_adverse_reaction,SS000315,MSKCC
DSI003993,has_adverse_reaction,SS000316,MSKCC
DSI003993,has_adverse_reaction,SS000317,MSKCC
DSI003993,has_adverse_reaction,SS000318,MSKCC
DSI003993,has_adverse_reaction,SS000069,MSKCC
DSI007851,has_adverse_reaction,SS000007,MSKCC
DSI007851,has_adverse_reaction,SS000008,MSKCC
DSI007851,has_adverse_reaction,SS000148,MSKCC
DSI007852,has_adverse_reaction,SS000319,MSKCC
DSI007852,has_adverse_reaction,SS000237,MSKCC
DSI007852,has_adverse_reaction,SS000069,MSKCC
DSI007852,has_adverse_reaction,SS000019,MSKCC
DSI007852,has_adverse_reaction,SS000024,MSKCC
DSI007852,has_adverse_reaction,SS000180,MSKCC
DSI007852,has_adverse_reaction,SS000320,MSKCC
DSI000775,has_adverse_reaction,SS000143,MSKCC
DSI000775,has_adverse_reaction,SS000019,MSKCC
DSI002207,has_adverse_reaction,SS000321,MSKCC
DSI002207,has_adverse_reaction,SS000042,MSKCC
DSI002207,has_adverse_reaction,SS000004,MSKCC
DSI002207,has_adverse_reaction,SS000322,MSKCC
DSI002207,has_adverse_reaction,SS000019,MSKCC
DSI006799,has_adverse_reaction,SS000260,MSKCC
DSI006799,has_adverse_reaction,SS000200,MSKCC
DSI006799,has_adverse_reaction,SS000118,MSKCC
DSI006799,has_adverse_reaction,SS000143,MSKCC
DSI006799,has_adverse_reaction,SS000007,MSKCC
DSI006799,has_adverse_reaction,SS000023,MSKCC
DSI006799,has_adverse_reaction,SS000323,MSKCC
DSI006799,has_adverse_reaction,SS000029,MSKCC
DSI003638,has_adverse_reaction,SS000109,MSKCC
DSI003638,has_adverse_reaction,SS000007,MSKCC
DSI003638,has_adverse_reaction,SS000008,MSKCC
DSI007853,has_adverse_reaction,SS000007,MSKCC
DSI007853,has_adverse_reaction,SS000047,MSKCC
DSI007853,has_adverse_reaction,SS000324,MSKCC
DSI007853,has_adverse_reaction,SS000036,MSKCC
DSI007853,has_adverse_reaction,SS000008,MSKCC
DSI007853,has_adverse_reaction,SS000022,MSKCC
DSI007853,has_adverse_reaction,SS000019,MSKCC
DSI007853,has_adverse_reaction,SS000139,MSKCC
DSI000577,has_adverse_reaction,SS000098,MSKCC
DSI000577,has_adverse_reaction,SS000325,MSKCC
DSI000744,has_adverse_reaction,SS000007,MSKCC
DSI000744,has_adverse_reaction,SS000008,MSKCC
DSI000744,has_adverse_reaction,SS000326,MSKCC
DSI000744,has_adverse_reaction,SS000019,MSKCC
DSI000744,has_adverse_reaction,SS000200,MSKCC
DSI000744,has_adverse_reaction,SS000205,MSKCC
DSI000744,has_adverse_reaction,SS000033,MSKCC
DSI000744,has_adverse_reaction,SS000048,MSKCC
DSI000744,has_adverse_reaction,SS000049,MSKCC
DSI000744,has_adverse_reaction,SS000252,MSKCC
DSI000744,has_adverse_reaction,SS000029,MSKCC
DSI000744,has_adverse_reaction,SS000035,MSKCC
DSI002854,has_adverse_reaction,SS000007,MSKCC
DSI002854,has_adverse_reaction,SS000057,MSKCC
DSI002854,has_adverse_reaction,SS000056,MSKCC
DSI002854,has_adverse_reaction,SS000019,MSKCC
DSI002854,has_adverse_reaction,SS000327,MSKCC
DSI002854,has_adverse_reaction,SS000328,MSKCC
DSI002854,has_adverse_reaction,SS000329,MSKCC
DSI006906,has_adverse_reaction,SS000249,MSKCC
DSI006906,has_adverse_reaction,SS000330,MSKCC
DSI006906,has_adverse_reaction,SS000042,MSKCC
DSI006906,has_adverse_reaction,SS000142,MSKCC
DSI006906,has_adverse_reaction,SS000251,MSKCC
DSI006906,has_adverse_reaction,SS000019,MSKCC
DSI000228,has_adverse_reaction,SS000085,MSKCC
DSI000228,has_adverse_reaction,SS000016,MSKCC
DSI000228,has_adverse_reaction,SS000004,MSKCC
DSI000228,has_adverse_reaction,SS000331,MSKCC
DSI000228,has_adverse_reaction,SS000332,MSKCC
DSI000228,has_adverse_reaction,SS000025,MSKCC
DSI000228,has_adverse_reaction,SS000333,MSKCC
DSI000228,has_adverse_reaction,SS000334,MSKCC
DSI000228,has_adverse_reaction,SS000078,MSKCC
DSI000228,has_adverse_reaction,SS000335,MSKCC
DSI000228,has_adverse_reaction,SS000042,MSKCC
DSI000228,has_adverse_reaction,SS000251,MSKCC
DSI000228,has_adverse_reaction,SS000197,MSKCC
DSI000277,has_adverse_reaction,SS000069,MSKCC
DSI007856,has_adverse_reaction,SS000010,MSKCC
DSI007856,has_adverse_reaction,SS000336,MSKCC
DSI007856,has_adverse_reaction,SS000305,MSKCC
DSI007856,has_adverse_reaction,SS000100,MSKCC
DSI007856,has_adverse_reaction,SS000036,MSKCC
DSI007856,has_adverse_reaction,SS000007,MSKCC
DSI007856,has_adverse_reaction,SS000008,MSKCC
DSI007856,has_adverse_reaction,SS000027,MSKCC
DSI007856,has_adverse_reaction,SS000337,MSKCC
DSI007856,has_adverse_reaction,SS000245,MSKCC
DSI007856,has_adverse_reaction,SS000338,MSKCC
DSI007856,has_adverse_reaction,SS000081,MSKCC
DSI007856,has_adverse_reaction,SS000179,MSKCC
DSI007856,has_adverse_reaction,SS000339,MSKCC
DSI007856,has_adverse_reaction,SS000000,MSKCC
DSI006959,has_adverse_reaction,SS000007,MSKCC
DSI001468,has_adverse_reaction,SS000340,MSKCC
DSI007133,has_adverse_reaction,SS000087,MSKCC
DSI007133,has_adverse_reaction,SS000109,MSKCC
DSI007133,has_adverse_reaction,SS000027,MSKCC
DSI007133,has_adverse_reaction,SS000090,MSKCC
DSI007133,has_adverse_reaction,SS000217,MSKCC
DSI007133,has_adverse_reaction,SS000079,MSKCC
DSI007133,has_adverse_reaction,SS000341,MSKCC
DSI007133,has_adverse_reaction,SS000210,MSKCC
DSI007133,has_adverse_reaction,SS000342,MSKCC
DSI004703,has_adverse_reaction,SS000007,MSKCC
DSI004703,has_adverse_reaction,SS000011,MSKCC
DSI004703,has_adverse_reaction,SS000019,MSKCC
DSI004703,has_adverse_reaction,SS000343,MSKCC
DSI003313,has_adverse_reaction,SS000069,MSKCC
DSI003313,has_adverse_reaction,SS000019,MSKCC
DSI004542,has_adverse_reaction,SS000260,MSKCC
DSI004542,has_adverse_reaction,SS000166,MSKCC
DSI001876,has_adverse_reaction,SS000197,MSKCC
DSI001876,has_adverse_reaction,SS000125,MSKCC
DSI000261,has_adverse_reaction,SS000060,MSKCC
DSI000261,has_adverse_reaction,SS000344,MSKCC
DSI000261,has_adverse_reaction,SS000345,MSKCC
DSI007857,has_adverse_reaction,SS000287,MSKCC
DSI007857,has_adverse_reaction,SS000346,MSKCC
DSI007857,has_adverse_reaction,SS000323,MSKCC
DSI007857,has_adverse_reaction,SS000210,MSKCC
DSI007857,has_adverse_reaction,SS000347,MSKCC
DSI007857,has_adverse_reaction,SS000245,MSKCC
DSI007857,has_adverse_reaction,SS000150,MSKCC
DSI002820,has_adverse_reaction,SS000010,MSKCC
DSI002820,has_adverse_reaction,SS000090,MSKCC
DSI002820,has_adverse_reaction,SS000007,MSKCC
DSI002820,has_adverse_reaction,SS000008,MSKCC
DSI002820,has_adverse_reaction,SS000019,MSKCC
DSI002820,has_adverse_reaction,SS000000,MSKCC
DSI002820,has_adverse_reaction,SS000348,MSKCC
DSI002820,has_adverse_reaction,SS000017,MSKCC
DSI007385,has_adverse_reaction,SS000254,MSKCC
DSI007385,has_adverse_reaction,SS000189,MSKCC
DSI000000,has_adverse_reaction,SS000307,MSKCC
DSI000000,has_adverse_reaction,SS000019,MSKCC
DSI000000,has_adverse_reaction,SS000036,MSKCC
DSI000000,has_adverse_reaction,SS000010,MSKCC
DSI000000,has_adverse_reaction,SS000237,MSKCC
DSI000000,has_adverse_reaction,SS000192,MSKCC
DSI000000,has_adverse_reaction,SS000079,MSKCC
DSI000000,has_adverse_reaction,SS000254,MSKCC
DSI000000,has_adverse_reaction,SS000106,MSKCC
DSI004598,has_adverse_reaction,SS000041,MSKCC
DSI004598,has_adverse_reaction,SS000349,MSKCC
DSI000199,has_adverse_reaction,SS000350,MSKCC
DSI000002,has_adverse_reaction,SS000351,MSKCC
DSI000002,has_adverse_reaction,SS000194,MSKCC
DSI000002,has_adverse_reaction,SS000036,MSKCC
DSI000002,has_adverse_reaction,SS000352,MSKCC
DSI000002,has_adverse_reaction,SS000098,MSKCC
DSI000002,has_adverse_reaction,SS000353,MSKCC
DSI000448,has_adverse_reaction,SS000007,MSKCC
DSI000448,has_adverse_reaction,SS000008,MSKCC
DSI000448,has_adverse_reaction,SS000024,MSKCC
DSI000448,has_adverse_reaction,SS000057,MSKCC
DSI000448,has_adverse_reaction,SS000019,MSKCC
DSI000448,has_adverse_reaction,SS000139,MSKCC
DSI000448,has_adverse_reaction,SS000023,MSKCC
DSI000448,has_adverse_reaction,SS000125,MSKCC
DSI000448,has_adverse_reaction,SS000215,MSKCC
DSI000448,has_adverse_reaction,SS000244,MSKCC
DSI000497,has_adverse_reaction,SS000143,MSKCC
DSI000497,has_adverse_reaction,SS000019,MSKCC
DSI000497,has_adverse_reaction,SS000022,MSKCC
DSI000497,has_adverse_reaction,SS000354,MSKCC
DSI007860,has_adverse_reaction,SS000057,MSKCC
DSI007860,has_adverse_reaction,SS000007,MSKCC
DSI007860,has_adverse_reaction,SS000008,MSKCC
DSI007860,has_adverse_reaction,SS000152,MSKCC
DSI007860,has_adverse_reaction,SS000004,MSKCC
DSI007860,has_adverse_reaction,SS000085,MSKCC
DSI007260,has_adverse_reaction,SS000120,MSKCC
DSI007260,has_adverse_reaction,SS000287,MSKCC
DSI007260,has_adverse_reaction,SS000138,MSKCC
DSI007862,has_adverse_reaction,SS000037,MSKCC
DSI007862,has_adverse_reaction,SS000042,MSKCC
DSI007862,has_adverse_reaction,SS000139,MSKCC
DSI007862,has_adverse_reaction,SS000007,MSKCC
DSI007862,has_adverse_reaction,SS000019,MSKCC
DSI000170,has_adverse_reaction,SS000340,MSKCC
DSI007199,has_adverse_reaction,SS000079,MSKCC
DSI007199,has_adverse_reaction,SS000355,MSKCC
DSI007199,has_adverse_reaction,SS000356,MSKCC
DSI007199,has_adverse_reaction,SS000181,MSKCC
DSI001474,has_adverse_reaction,SS000357,MSKCC
DSI007863,has_adverse_reaction,SS000036,MSKCC
DSI007863,has_adverse_reaction,SS000007,MSKCC
DSI007863,has_adverse_reaction,SS000139,MSKCC
DSI000093,has_adverse_reaction,SS000010,MSKCC
DSI000093,has_adverse_reaction,SS000007,MSKCC
DSI000093,has_adverse_reaction,SS000041,MSKCC
DSI000093,has_adverse_reaction,SS000358,MSKCC
DSI000093,has_adverse_reaction,SS000063,MSKCC
DSI000093,has_adverse_reaction,SS000048,MSKCC
DSI000093,has_adverse_reaction,SS000300,MSKCC
DSI000093,has_adverse_reaction,SS000079,MSKCC
DSI000093,has_adverse_reaction,SS000000,MSKCC
DSI007242,has_adverse_reaction,SS000359,MSKCC
DSI007242,has_adverse_reaction,SS000169,MSKCC
DSI007242,has_adverse_reaction,SS000007,MSKCC
DSI007242,has_adverse_reaction,SS000360,MSKCC
DSI007242,has_adverse_reaction,SS000150,MSKCC
DSI007328,has_adverse_reaction,SS000027,MSKCC
DSI007328,has_adverse_reaction,SS000061,MSKCC
DSI007328,has_adverse_reaction,SS000019,MSKCC
DSI007328,has_adverse_reaction,SS000007,MSKCC
DSI007328,has_adverse_reaction,SS000008,MSKCC
DSI007328,has_adverse_reaction,SS000169,MSKCC
DSI007328,has_adverse_reaction,SS000016,MSKCC
DSI007328,has_adverse_reaction,SS000004,MSKCC
DSI007328,has_adverse_reaction,SS000055,MSKCC
DSI007328,has_adverse_reaction,SS000036,MSKCC
DSI007328,has_adverse_reaction,SS000163,MSKCC
DSI007864,has_adverse_reaction,SS000027,MSKCC
DSI007864,has_adverse_reaction,SS000037,MSKCC
DSI007864,has_adverse_reaction,SS000361,MSKCC
DSI007864,has_adverse_reaction,SS000057,MSKCC
DSI007864,has_adverse_reaction,SS000019,MSKCC
DSI007864,has_adverse_reaction,SS000036,MSKCC
DSI007864,has_adverse_reaction,SS000227,MSKCC
DSI007864,has_adverse_reaction,SS000163,MSKCC
DSI000616,has_adverse_reaction,SS000362,MSKCC
DSI000616,has_adverse_reaction,SS000046,MSKCC
DSI002051,has_adverse_reaction,SS000009,MSKCC
DSI002051,has_adverse_reaction,SS000027,MSKCC
DSI002051,has_adverse_reaction,SS000163,MSKCC
DSI002051,has_adverse_reaction,SS000008,MSKCC
DSI007865,has_adverse_reaction,SS000087,MSKCC
DSI007865,has_adverse_reaction,SS000363,MSKCC
DSI000258,has_adverse_reaction,SS000048,MSKCC
DSI000258,has_adverse_reaction,SS000035,MSKCC
DSI000258,has_adverse_reaction,SS000364,MSKCC
DSI007517,has_adverse_reaction,SS000365,MSKCC
DSI007517,has_adverse_reaction,SS000095,MSKCC
DSI007517,has_adverse_reaction,SS000366,MSKCC
DSI007456,has_adverse_reaction,SS000042,MSKCC
DSI007456,has_adverse_reaction,SS000014,MSKCC
DSI007456,has_adverse_reaction,SS000002,MSKCC
DSI007456,has_adverse_reaction,SS000003,MSKCC
DSI000067,has_adverse_reaction,SS000367,MSKCC
DSI000067,has_adverse_reaction,SS000368,MSKCC
DSI000067,has_adverse_reaction,SS000029,MSKCC
DSI000057,has_adverse_reaction,SS000345,MSKCC
DSI000057,has_adverse_reaction,SS000103,MSKCC
DSI000057,has_adverse_reaction,SS000022,MSKCC
DSI000057,has_adverse_reaction,SS000369,MSKCC
DSI007868,has_adverse_reaction,SS000014,MSKCC
DSI007868,has_adverse_reaction,SS000007,MSKCC
DSI007868,has_adverse_reaction,SS000019,MSKCC
DSI007868,has_adverse_reaction,SS000027,MSKCC
DSI007868,has_adverse_reaction,SS000036,MSKCC
DSI007868,has_adverse_reaction,SS000041,MSKCC
DSI007868,has_adverse_reaction,SS000370,MSKCC
DSI007868,has_adverse_reaction,SS000371,MSKCC
DSI007868,has_adverse_reaction,SS000278,MSKCC
DSI000218,has_adverse_reaction,SS000010,MSKCC
DSI000218,has_adverse_reaction,SS000019,MSKCC
DSI000218,has_adverse_reaction,SS000076,MSKCC
DSI000218,has_adverse_reaction,SS000151,MSKCC
DSI000218,has_adverse_reaction,SS000372,MSKCC
DSI000218,has_adverse_reaction,SS000179,MSKCC
DSI000218,has_adverse_reaction,SS000098,MSKCC
DSI000218,has_adverse_reaction,SS000027,MSKCC
DSI000218,has_adverse_reaction,SS000163,MSKCC
DSI000218,has_adverse_reaction,SS000373,MSKCC
DSI007870,has_adverse_reaction,SS000374,MSKCC
DSI007870,has_adverse_reaction,SS000375,MSKCC
DSI002367,has_adverse_reaction,SS000142,MSKCC
DSI002367,has_adverse_reaction,SS000037,MSKCC
DSI002367,has_adverse_reaction,SS000376,MSKCC
DSI002367,has_adverse_reaction,SS000033,MSKCC
DSI002367,has_adverse_reaction,SS000048,MSKCC
DSI002367,has_adverse_reaction,SS000011,MSKCC
DSI002367,has_adverse_reaction,SS000377,MSKCC
DSI000011,has_adverse_reaction,SS000007,MSKCC
DSI000011,has_adverse_reaction,SS000008,MSKCC
DSI000011,has_adverse_reaction,SS000010,MSKCC
DSI000011,has_adverse_reaction,SS000059,MSKCC
DSI000011,has_adverse_reaction,SS000194,MSKCC
DSI000011,has_adverse_reaction,SS000244,MSKCC
DSI000011,has_adverse_reaction,SS000177,MSKCC
DSI000011,has_adverse_reaction,SS000378,MSKCC
DSI000021,has_adverse_reaction,SS000210,MSKCC
DSI000021,has_adverse_reaction,SS000198,MSKCC
DSI000021,has_adverse_reaction,SS000196,MSKCC
DSI000021,has_adverse_reaction,SS000379,MSKCC
DSI000021,has_adverse_reaction,SS000380,MSKCC
DSI000021,has_adverse_reaction,SS000331,MSKCC
DSI000021,has_adverse_reaction,SS000159,MSKCC
DSI000021,has_adverse_reaction,SS000195,MSKCC
DSI000021,has_adverse_reaction,SS000200,MSKCC
DSI000021,has_adverse_reaction,SS000226,MSKCC
DSI000041,has_adverse_reaction,SS000007,MSKCC
DSI000041,has_adverse_reaction,SS000019,MSKCC
DSI000041,has_adverse_reaction,SS000326,MSKCC
DSI000041,has_adverse_reaction,SS000381,MSKCC
DSI000041,has_adverse_reaction,SS000092,MSKCC
DSI000041,has_adverse_reaction,SS000051,MSKCC
DSI000041,has_adverse_reaction,SS000079,MSKCC
DSI000041,has_adverse_reaction,SS000382,MSKCC
DSI000041,has_adverse_reaction,SS000383,MSKCC
DSI000041,has_adverse_reaction,SS000251,MSKCC
DSI000041,has_adverse_reaction,SS000010,MSKCC
DSI000041,has_adverse_reaction,SS000140,MSKCC
DSI000041,has_adverse_reaction,SS000083,MSKCC
DSI000041,has_adverse_reaction,SS000125,MSKCC
DSI000041,has_adverse_reaction,SS000384,MSKCC
DSI000041,has_adverse_reaction,SS000123,MSKCC
DSI000022,has_adverse_reaction,SS000069,MSKCC
DSI000022,has_adverse_reaction,SS000092,MSKCC
DSI000022,has_adverse_reaction,SS000091,MSKCC
DSI000022,has_adverse_reaction,SS000045,MSKCC
DSI000022,has_adverse_reaction,SS000007,MSKCC
DSI000022,has_adverse_reaction,SS000008,MSKCC
DSI000022,has_adverse_reaction,SS000094,MSKCC
DSI000184,has_adverse_reaction,SS000036,MSKCC
DSI000184,has_adverse_reaction,SS000027,MSKCC
DSI000184,has_adverse_reaction,SS000200,MSKCC
DSI000184,has_adverse_reaction,SS000004,MSKCC
DSI000184,has_adverse_reaction,SS000014,MSKCC
DSI004281,has_adverse_reaction,SS000019,MSKCC
DSI004281,has_adverse_reaction,SS000007,MSKCC
DSI004281,has_adverse_reaction,SS000008,MSKCC
DSI007871,has_adverse_reaction,SS000007,MSKCC
DSI007871,has_adverse_reaction,SS000078,MSKCC
DSI001883,has_adverse_reaction,SS000345,MSKCC
DSI001883,has_adverse_reaction,SS000016,MSKCC
DSI001883,has_adverse_reaction,SS000351,MSKCC
DSI001883,has_adverse_reaction,SS000049,MSKCC
DSI001883,has_adverse_reaction,SS000385,MSKCC
DSI001883,has_adverse_reaction,SS000072,MSKCC
DSI007872,has_adverse_reaction,SS000010,MSKCC
DSI007872,has_adverse_reaction,SS000027,MSKCC
DSI007872,has_adverse_reaction,SS000036,MSKCC
DSI007872,has_adverse_reaction,SS000019,MSKCC
DSI001240,has_adverse_reaction,SS000100,MSKCC
DSI001240,has_adverse_reaction,SS000208,MSKCC
DSI001240,has_adverse_reaction,SS000007,MSKCC
DSI001240,has_adverse_reaction,SS000027,MSKCC
DSI001240,has_adverse_reaction,SS000048,MSKCC
DSI001240,has_adverse_reaction,SS000012,MSKCC
DSI001240,has_adverse_reaction,SS000011,MSKCC
DSI001240,has_adverse_reaction,SS000171,MSKCC
DSI001240,has_adverse_reaction,SS000019,MSKCC
DSI001240,has_adverse_reaction,SS000386,MSKCC
DSI001240,has_adverse_reaction,SS000079,MSKCC
DSI001240,has_adverse_reaction,SS000035,MSKCC
DSI001240,has_adverse_reaction,SS000271,MSKCC
DSI001240,has_adverse_reaction,SS000064,MSKCC
DSI001240,has_adverse_reaction,SS000008,MSKCC
DSI001240,has_adverse_reaction,SS000387,MSKCC
DSI001240,has_adverse_reaction,SS000029,MSKCC
DSI001240,has_adverse_reaction,SS000004,MSKCC
DSI007873,has_adverse_reaction,SS000007,MSKCC
DSI007873,has_adverse_reaction,SS000008,MSKCC
DSI007873,has_adverse_reaction,SS000019,MSKCC
DSI007873,has_adverse_reaction,SS000066,MSKCC
DSI007873,has_adverse_reaction,SS000388,MSKCC
DSI007873,has_adverse_reaction,SS000004,MSKCC
DSI007714,has_adverse_reaction,SS000180,MSKCC
DSI007714,has_adverse_reaction,SS000389,MSKCC
DSI007874,has_adverse_reaction,SS000375,MSKCC
DSI000006,has_adverse_reaction,SS000084,MSKCC
DSI000006,has_adverse_reaction,SS000007,MSKCC
DSI000006,has_adverse_reaction,SS000008,MSKCC
DSI000006,has_adverse_reaction,SS000024,MSKCC
DSI000006,has_adverse_reaction,SS000019,MSKCC
DSI000006,has_adverse_reaction,SS000022,MSKCC
DSI000006,has_adverse_reaction,SS000128,MSKCC
DSI000006,has_adverse_reaction,SS000010,MSKCC
DSI000006,has_adverse_reaction,SS000251,MSKCC
DSI000006,has_adverse_reaction,SS000042,MSKCC
DSI000006,has_adverse_reaction,SS000036,MSKCC
DSI000006,has_adverse_reaction,SS000016,MSKCC
DSI000006,has_adverse_reaction,SS000002,MSKCC
DSI000006,has_adverse_reaction,SS000003,MSKCC
DSI000006,has_adverse_reaction,SS000115,MSKCC
DSI000006,has_adverse_reaction,SS000390,MSKCC
DSI000006,has_adverse_reaction,SS000179,MSKCC
DSI007875,has_adverse_reaction,SS000391,MSKCC
DSI007875,has_adverse_reaction,SS000109,MSKCC
DSI007875,has_adverse_reaction,SS000019,MSKCC
DSI003084,has_adverse_reaction,SS000287,MSKCC
DSI004693,has_adverse_reaction,SS000004,MSKCC
DSI004693,has_adverse_reaction,SS000392,MSKCC
DSI000236,has_adverse_reaction,SS000205,MSKCC
DSI000236,has_adverse_reaction,SS000074,MSKCC
DSI000209,has_adverse_reaction,SS000383,MSKCC
DSI002848,has_adverse_reaction,SS000002,MSKCC
DSI000637,has_adverse_reaction,SS000001,MSKCC
DSI000637,has_adverse_reaction,SS000027,MSKCC
DSI000637,has_adverse_reaction,SS000007,MSKCC
DSI002555,has_adverse_reaction,SS000393,MSKCC
DSI000071,has_adverse_reaction,SS000360,MSKCC
DSI001348,has_adverse_reaction,SS000203,MSKCC
DSI003014,has_adverse_reaction,SS000394,MSKCC
DSI000061,has_adverse_reaction,SS000395,MSKCC
DSI004244,has_adverse_reaction,SS000396,MSKCC
DSI003184,has_adverse_reaction,SS000397,MSKCC
DSI005713,has_adverse_reaction,SS000391,MSKCC
DSI000045,has_adverse_reaction,SS000398,MSKCC
DSI005929,has_adverse_reaction,SS000373,MSKCC
DSI005929,has_adverse_reaction,SS000399,MSKCC
DSI005929,has_adverse_reaction,SS000287,MSKCC
DSI006097,has_adverse_reaction,SS000179,MSKCC
DSI000089,has_adverse_reaction,SS000400,MSKCC
DSI000089,has_adverse_reaction,SS000401,MSKCC
DSI001285,has_adverse_reaction,SS000402,MSKCC
DSI003389,has_adverse_reaction,SS000200,MSKCC
DSI000084,has_adverse_reaction,SS000169,MSKCC
DSI000084,has_adverse_reaction,SS000227,MSKCC
DSI001908,has_adverse_reaction,SS000111,MSKCC
DSI006563,has_adverse_reaction,SS000403,MSKCC
DSI003993,has_adverse_reaction,SS000036,MSKCC
DSI000744,has_adverse_reaction,SS000009,MSKCC
DSI000228,has_adverse_reaction,SS000287,MSKCC
DSI000448,has_adverse_reaction,SS000392,MSKCC
DSI000448,has_adverse_reaction,SS000404,MSKCC
DSI001494,has_adverse_reaction,SS000405,MSKCC
DSI000528,has_adverse_reaction,SS000406,MSKCC
DSI000528,has_adverse_reaction,SS000126,MSKCC
DSI001883,has_adverse_reaction,SS000055,MSKCC
DSI001883,has_adverse_reaction,SS000304,MSKCC
DSI007827,has_adverse_reaction,SS000407,MSKCC
DSI001441,has_adverse_reaction,SS000169,MSKCC
DSI005770,has_adverse_reaction,SS000287,MSKCC
DSI005770,has_adverse_reaction,SS000408,MSKCC
DSI005770,has_adverse_reaction,SS000409,MSKCC
DSI006232,has_adverse_reaction,SS000053,MSKCC
DSI004652,has_adverse_reaction,SS000410,MSKCC
DSI003737,has_adverse_reaction,SS000411,MSKCC
DSI002820,has_adverse_reaction,SS000412,MSKCC
DSI001782,has_adverse_reaction,SS000287,MSKCC
DSI001782,has_adverse_reaction,SS000413,MSKCC
DSI000076,has_adverse_reaction,SS000414,MSKCC
DSI000282,has_adverse_reaction,SS000415,MSKCC
DSI000284,has_adverse_reaction,SS000416,MSKCC
DSI000389,has_adverse_reaction,SS000246,MSKCC
DSI000196,has_adverse_reaction,SS000294,MSKCC
DSI002207,has_adverse_reaction,SS000417,MSKCC
DSI004744,has_adverse_reaction,SS000304,MSKCC
DSI005325,has_adverse_reaction,SS000066,MSKCC
DSI000215,has_adverse_reaction,SS000418,MSKCC
DSI000215,has_adverse_reaction,SS000419,MSKCC
DSI000215,has_adverse_reaction,SS000420,MSKCC
DSI007831,has_adverse_reaction,SS000421,MSKCC
DSI007831,has_adverse_reaction,SS000392,MSKCC
DSI003894,has_adverse_reaction,SS000422,MSKCC
DSI007849,has_adverse_reaction,SS000036,MSKCC
DSI007852,has_adverse_reaction,SS000009,MSKCC
DSI007328,has_adverse_reaction,SS000423,MSKCC
